"variavel","media","q1","mediana","q3","variancia","desvio","amplitude"
"idade",50.915,34,52,64.25,374.078165829146,19.3411004296329,79
"tempo_preso",60.585,53.75,60.5,67,99.088216080402,9.95430640880629,51
"score_periculosidade",174.52055,155.6975,177.21,191.12,660.583720801508,25.7018232972197,156.02
